{
	"format_version": "1.8.0",
	"animations": {
		"animation.archaludon.walking": {
			"loop": true,
			"animation_length": 4,
			"bones": {
				"mid_ridge": {
					"rotation": ["17.5+4*math.sin(q.anim_time*90*4-60)", "6*math.cos(q.anim_time*90*2)", "5*math.sin(q.anim_time*90*2)"],
					"position": [0, "-2.1+math.clamp(1*math.sin(q.anim_time*90*4+60),0,2)", "-0.3+0.5*math.cos(q.anim_time*90*4+120)"]
				},
				"head": {
					"rotation": ["-1+2*math.sin(q.anim_time*90*4-160)", "-10*math.cos(q.anim_time*90*2-20)", "-6*math.sin(q.anim_time*90*2-60)"]
				},
				"leftarm_1": {
					"rotation": ["30.4558-2*math.sin(q.anim_time*90*4)", "3.0957+4*math.cos(q.anim_time*90*4)", -6.95811],
					"position": [1, 0, -0.1]
				},
				"leftarm_3": {
					"rotation": ["-25.3112-2*(math.sin(q.anim_time*90*4-60)*1+1)", 1.3027, 11.0937]
				},
				"rightarm_1": {
					"rotation": ["30.4558-2*math.sin(q.anim_time*90*4)", "-3.0957-4*math.cos(q.anim_time*90*4)", 6.95811],
					"position": [-1, 0, -0.1]
				},
				"rightarm_3": {
					"rotation": ["-25.3112-2*(math.sin(q.anim_time*90*4-60)*1+1)", -1.3027, -11.09368]
				},
				"bot_3": {
					"rotation": ["0+2*math.sin(q.anim_time*90*4-60)", 0, 0]
				},
				"right_leg": {
					"rotation": {
						"0.0": [4.8, 26.38, 4.77],
						"0.25": [9.16329, 25.70885, 6.53894],
						"0.5833": [4.08469, 23.45696, 11.66984],
						"1.0": [-24.32, 19.73, 4.18],
						"1.0417": [-25.64985, 21.01706, 3.44594],
						"1.25": [-15.27, 27.5, 0],
						"2.25": [9.16329, 25.70885, 6.53894],
						"2.5833": [4.08469, 23.45696, 11.66984],
						"3.0417": [-25.64985, 21.01706, 3.44594],
						"3.25": [-15.27, 27.5, 0],
						"4.0": [4.8, 26.38, 4.77]
					},
					"position": {
						"0.0": [0.01, -0.03, 3.74],
						"0.25": [0.01, 1.27, 5.51],
						"0.6667": [0.01, 2.93, 2.55],
						"0.9583": [0.01, 3.24, 0.48],
						"1.0": [0.01, 3.23, 0.18],
						"1.1667": [0.01, 3.17, -1],
						"1.25": [0.01, -0.03, -1.59],
						"2.25": [0.01, -0.03, 2.51],
						"2.6667": [0.01, 2.93, 2.55],
						"2.9583": [0.01, 3.24, 0.48],
						"3.1667": [0.01, 3.17, -1],
						"3.25": [0.01, -0.03, -1.59],
						"4.0": [0.01, -0.03, 3.74]
					}
				},
				"right_foot": {
					"rotation": {
						"0.0": [0.7, 0, 0],
						"0.25": [0.27, 0, 0],
						"0.5": [30.27, 0, 0],
						"1.0": [36.94, 0, 0],
						"1.25": [15.27, 0, 0],
						"2.25": [0.27, 0, 0],
						"2.5": [30.27, 0, 0],
						"3.0": [36.94, 0, 0],
						"3.25": [15.27, 0, 0],
						"4.0": [0.7, 0, 0]
					}
				},
				"left_leg": {
					"rotation": {
						"0.0": [-24.32, -19.73, -4.18],
						"0.0417": [-25.64985, -21.01706, -3.44594],
						"0.25": [-15.27, -27.5, 0],
						"1.25": [9.16329, -25.70885, -6.53894],
						"1.5833": [4.08469, -23.45696, -11.66984],
						"2.0417": [-25.64985, -21.01706, -3.44594],
						"2.25": [-15.27, -27.5, 0],
						"3.25": [9.16329, -25.70885, -6.53894],
						"3.5833": [4.08469, -23.45696, -11.66984],
						"4.0": [-24.32, -19.73, -4.18],
						"4.0417": [-25.64985, -21.01706, -3.44594]
					},
					"position": {
						"0.0": [-0.01, 3.23, 0.18],
						"0.1667": [-0.01, 3.17, -1],
						"0.25": [-0.01, -0.03, -1.59],
						"1.25": [-0.01, -0.03, 2.51],
						"1.6667": [-0.01, 2.93, 2.55],
						"1.9583": [-0.01, 3.24, 0.48],
						"2.1667": [-0.01, 3.17, -1],
						"2.25": [-0.01, -0.03, -1.59],
						"3.25": [-0.01, -0.03, 2.51],
						"3.6667": [-0.01, 2.93, 2.55],
						"3.9583": [-0.01, 3.24, 0.48],
						"4.0": [-0.01, 3.23, 0.18]
					}
				},
				"left_foot": {
					"rotation": {
						"0.0": [36.94, 0, 0],
						"0.25": [15.27, 0, 0],
						"1.25": [0.27, 0, 0],
						"1.5": [30.27, 0, 0],
						"2.0": [36.94, 0, 0],
						"2.25": [15.27, 0, 0],
						"3.25": [0.27, 0, 0],
						"3.5": [30.27, 0, 0],
						"4.0": [36.94, 0, 0]
					}
				},
				"left_leg_rotation": {
					"position": [0, 0, -1]
				},
				"right_leg_rotation": {
					"position": [0, 0, -1]
				},
				"hidden_leftleg_1": {
					"position": [0, 0, -4],
					"scale": 0
				},
				"hidden_rightleg_1": {
					"position": [0, 0, -4],
					"scale": 0
				},
				"ligtning_left": {
					"scale": 0
				},
				"ligtning_right": {
					"scale": 0
				}
			}
		},
		"animation.archaludon.ground_idle": {
			"loop": true,
			"bones": {
				"mid_ridge": {
					"rotation": ["1+1*math.sin(q.anim_time*90*2-60)", "0.5*math.cos(q.anim_time*90*1)", "1*math.sin(q.anim_time*90*0.5)"],
					"position": [0, "-0.15*(math.sin(q.anim_time*90*2-90)*1+1)", "0.25*(math.sin(q.anim_time*90*2-90)*1+1)"]
				},
				"head": {
					"rotation": ["-1+2*math.sin(q.anim_time*90*2-160)", 0, "-2*math.sin(q.anim_time*90*0.5)"]
				},
				"leftarm_1": {
					"rotation": ["42.1337-2*(math.sin(q.anim_time*90*2)*1+1)", 2.14628, -4.68996],
					"position": [1, 0, -0.1]
				},
				"leftarm_3": {
					"rotation": ["-50.0695-2*(math.sin(q.anim_time*90*2-60)*1+1)", -5.78707, -4.77887]
				},
				"rightarm_1": {
					"rotation": ["42.1337-2*(math.sin(q.anim_time*90*2)*1+1)", -2.14628, 4.68996],
					"position": [-1, 0, -0.1]
				},
				"rightarm_3": {
					"rotation": ["-50.0695-2*(math.sin(q.anim_time*90*2-60)*1+1)", 5.78707, 4.77887]
				},
				"ligtning_left": {
					"scale": 0
				},
				"bot_3": {
					"rotation": ["1*(math.sin(q.anim_time*90*2-60)*1)", 0, 0]
				},
				"hidden_leftleg_1": {
					"position": [0, 0, -4],
					"scale": 0
				},
				"ligtning_left2": {
					"scale": 0
				},
				"hidden_rightleg_1": {
					"position": [0, 0, -4],
					"scale": 0
				},
				"ligtning_right": {
					"scale": 0
				},
				"ligtning_right2": {
					"scale": [1, 1, 0]
				}
			}
		},
		"animation.archaludon.attack": {
			"animation_length": 3,
			"bones": {
				"torso_all": {
					"position": {
						"1.2083": [0, 0, 0],
						"1.25": [0, -1.2, 0],
						"1.2917": [0, 0.1, 0],
						"1.3333": [0, -0.8, 0],
						"1.375": [0, 0.1, 0],
						"1.4167": [0, -0.4, 0],
						"1.5": [0, 0, 0],
						"1.5833": [0, -0.2, 0],
						"1.6667": [0, 0, 0]
					}
				},
				"mid_ridge": {
					"rotation": {
						"0.0": [2.63397, 0.5, 0],
						"0.375": [6.63, 0.5, 0],
						"0.7083": [-10.37, 7.5, 9],
						"1.1667": [-10.37, 7.5, 9],
						"1.25": [13.63, -15.5, 0],
						"1.7083": [13.63, -15.5, 0],
						"2.0833": [10.91318, -3.70293, 3.40858],
						"2.5": [3.05003, 0.86667, -1.55775],
						"3.0": [2.63397, 0.5, 0]
					},
					"position": {
						"0.0": [0, 0, 0.025],
						"0.2083": [0, -1.1, 0.02],
						"0.4583": [0, -1.1, 0.02],
						"0.875": [0, 2.5, 0.02],
						"1.1667": [0, 2.5, 0.02],
						"1.25": [0, 0.8, -6.58],
						"1.7083": [0, 0.8, -6.58],
						"2.0833": [0, 0.94, -2.76],
						"2.375": [0, 0, 0.025],
						"2.875": [0, 0, 0.025]
					}
				},
				"head": {
					"rotation": {
						"0.0": [-12.5, 0, 0],
						"0.625": [12.5, 0, 0],
						"1.1667": [-5, -5.5, -4],
						"1.25": [-22.5, 16, -10],
						"1.3333": [-9.45, 17.91, -4.85],
						"1.7083": [-8.9, 20, -0.5],
						"2.0417": [-15.48, 7.76, -2.12],
						"2.375": [-12.48341, 0.64904, 0.12901],
						"2.75": [-12.51664, -0.34031, -0.09283],
						"3.0": [-12.5, 0, 0]
					}
				},
				"leftarm_1": {
					"rotation": {
						"0.0": [16.0158, 7.28336, -4.19087],
						"0.625": [36.02, 7.28, -4.19],
						"1.1667": [-10.10257, 5.52787, 27.74864],
						"1.25": [51.02, -9.72, 12.81],
						"1.75": [51.02, -9.72, 12.81],
						"2.1667": [16.0158, 7.28336, -4.19087],
						"2.875": [16.0158, 7.28336, -4.19087]
					},
					"position": {
						"0.0": [0.5, 0, 0],
						"0.625": [0.5, 0, 0],
						"1.1667": [0.5, 0.4, 0.8],
						"1.25": [0.5, 0.6, -2.1],
						"1.75": [0.5, 0.6, -2.1],
						"2.1667": [0.9, 0.6, -0.2],
						"2.875": [0.5, 0, 0]
					},
					"scale": {
						"1.1667": [1, 1, 1],
						"1.2083": [1, 1.7, 1],
						"1.25": [1, 1, 1]
					}
				},
				"leftarm_2": {
					"rotation": {
						"0.0": [2.5, 0, 0],
						"0.625": [24.98, 0, 0],
						"1.0417": [-2.5, 0, 0],
						"1.2917": [-3, 0, 0],
						"1.7083": [39.5, 0, 0],
						"2.375": [2.5, 0, 0],